name,bus
HiepHoa,HiepHoa
LaiChauH,LaiChauH
DongAnh,DongAnh
SonLa,SonLa
SonLaH,SonLaH
MongDuong1,MongDuong1
MongDuong2,MongDuong2
QuangNinh,QuangNinh
NghiSon,NghiSon
HoaBinh,HoaBinh
ThangLongT,ThangLongT
ThuongTin,ThuongTin
PhoNoi,PhoNoi
NhoQuan,NhoQuan
HaTinh,HaTinh
VungAng,VungAng
DaNang,DaNang
DocSoi,DocSoi
ThanhMy,ThanhMy
Pleiku,Pleiku
Pleiku2,Pleiku2
Yali,Yali
DakNong,DakNong
DiLinh,DiLinh
CauBong,CauBong
TanDinh,TanDinh
SongMay,SongMay
VinhTan,VinhTan
PhuLam,PhuLam
MyTho,MyTho
DuyenHai,DuyenHai
ChonThanh,ChonThanh
OMon,OMon
CuChi,CuChi
NhaBe,NhaBe
PhuMy,PhuMy
LaiChau,LaiChau
TayHaNoi,TayHaNoi
VietTri,VietTri
VanPhong,VanPhong
CongThanh,CongThanh
NamDinh1,NamDinh1
LongPhu,LongPhu
DucHoa,DucHoa
TanUyen,TanUyen
LongThanh,LongThanh
ThaiBinh,ThaiBinh
ThanhHoa,ThanhHoa
HaiPhong,HaiPhong
HaiPhongT,HaiPhongT
BacNinh,BacNinh
VinhYen,VinhYen
VungAng3T,VungAng3T
QuangTrachT,QuangTrachT
QuangTri,QuangTri
QuangTriT,QuangTriT
KrongBuk,KrongBuk
MienTrungG,MienTrungG
TayNinh1,TayNinh1
BacAi PSH,BacAi PSH
BinhDuong1,BinhDuong1
DongNai2,DongNai2
BacChauDuc,BacChauDuc
SonMyT,SonMyT
LongAn,LongAn
ThotNot,ThotNot
NamHaNoi,NamHaNoi
SonTay,SonTay
DongPhuYen PSH,DongPhuYen PSH
LongBien,LongBien
ThaiNguyen,ThaiNguyen
BacGiang,BacGiang
QuynhLapT,QuynhLapT
BinhDinh,BinhDinh
DonDuong PSH,DonDuong PSH
TayNinh2,TayNinh2
TienGiang,TienGiang
DongThap,DongThap
BacLieu,BacLieu
